"No.","Time","Source","Destination","Protocol","Length","Info"
"1","0.000000","127.0.0.1","127.0.0.1","OpcUa","133","UA Secure Conversation Message: PublishResponse"
"2","0.000039","127.0.0.1","127.0.0.1","TCP","44","53271  >  53530 [ACK] Seq=1 Ack=90 Win=197 Len=0"
"3","0.014748","127.0.0.1","127.0.0.1","OpcUa","142","UA Secure Conversation Message: PublishRequest"
"4","0.014885","127.0.0.1","127.0.0.1","TCP","44","53530  >  53271 [ACK] Seq=90 Ack=99 Win=215 Len=0"
"5","0.233582","127.0.0.1","127.0.0.1","OpcUa","330","UA Secure Conversation Message: PublishResponse"
"6","0.233652","127.0.0.1","127.0.0.1","TCP","44","53271  >  53530 [ACK] Seq=99 Ack=376 Win=196 Len=0"
"7","0.247483","127.0.0.1","127.0.0.1","OpcUa","150","UA Secure Conversation Message: PublishRequest"
"8","0.247633","127.0.0.1","127.0.0.1","TCP","44","53530  >  53271 [ACK] Seq=376 Ack=205 Win=214 Len=0"
"9","0.371951","127.0.0.1","127.0.0.1","OpcUa","208","UA Secure Conversation Message: ReadRequest"
"10","0.372055","127.0.0.1","127.0.0.1","TCP","44","53530  >  53271 [ACK] Seq=376 Ack=369 Win=214 Len=0"
"11","0.374305","127.0.0.1","127.0.0.1","OpcUa","143","UA Secure Conversation Message: ReadResponse"
"12","0.374387","127.0.0.1","127.0.0.1","TCP","44","53271  >  53530 [ACK] Seq=369 Ack=475 Win=196 Len=0"
"13","1.245563","127.0.0.1","127.0.0.1","OpcUa","300","UA Secure Conversation Message: PublishResponse"
"14","1.245685","127.0.0.1","127.0.0.1","TCP","44","53271  >  53530 [ACK] Seq=369 Ack=731 Win=195 Len=0"
"15","1.259238","127.0.0.1","127.0.0.1","OpcUa","150","UA Secure Conversation Message: PublishRequest"
"16","1.259336","127.0.0.1","127.0.0.1","TCP","44","53530  >  53271 [ACK] Seq=731 Ack=475 Win=213 Len=0"
"17","2.241776","127.0.0.1","127.0.0.1","OpcUa","296","UA Secure Conversation Message: PublishResponse"
"18","2.241829","127.0.0.1","127.0.0.1","TCP","44","53271  >  53530 [ACK] Seq=475 Ack=983 Win=194 Len=0"
"19","2.256074","127.0.0.1","127.0.0.1","OpcUa","150","UA Secure Conversation Message: PublishRequest"
"20","2.256154","127.0.0.1","127.0.0.1","TCP","44","53530  >  53271 [ACK] Seq=983 Ack=581 Win=213 Len=0"
"21","3.239895","127.0.0.1","127.0.0.1","OpcUa","300","UA Secure Conversation Message: PublishResponse"
"22","3.239946","127.0.0.1","127.0.0.1","TCP","44","53271  >  53530 [ACK] Seq=581 Ack=1239 Win=193 Len=0"
"23","3.254134","127.0.0.1","127.0.0.1","OpcUa","150","UA Secure Conversation Message: PublishRequest"
"24","3.254216","127.0.0.1","127.0.0.1","TCP","44","53530  >  53271 [ACK] Seq=1239 Ack=687 Win=213 Len=0"
"25","4.238681","127.0.0.1","127.0.0.1","OpcUa","240","UA Secure Conversation Message: PublishResponse"
"26","4.238729","127.0.0.1","127.0.0.1","TCP","44","53271  >  53530 [ACK] Seq=687 Ack=1435 Win=192 Len=0"
"27","4.253148","127.0.0.1","127.0.0.1","OpcUa","150","UA Secure Conversation Message: PublishRequest"
"28","4.253243","127.0.0.1","127.0.0.1","TCP","44","53530  >  53271 [ACK] Seq=1435 Ack=793 Win=212 Len=0"
"29","5.000400","127.0.0.1","127.0.0.1","OpcUa","133","UA Secure Conversation Message: PublishResponse"
"30","5.000482","127.0.0.1","127.0.0.1","TCP","44","53271  >  53530 [ACK] Seq=793 Ack=1524 Win=192 Len=0"
"31","5.014107","127.0.0.1","127.0.0.1","OpcUa","142","UA Secure Conversation Message: PublishRequest"
"32","5.014213","127.0.0.1","127.0.0.1","TCP","44","53530  >  53271 [ACK] Seq=1524 Ack=891 Win=212 Len=0"
"33","5.232999","127.0.0.1","127.0.0.1","OpcUa","330","UA Secure Conversation Message: PublishResponse"
"34","5.233052","127.0.0.1","127.0.0.1","TCP","44","53271  >  53530 [ACK] Seq=891 Ack=1810 Win=191 Len=0"
"35","5.246839","127.0.0.1","127.0.0.1","OpcUa","150","UA Secure Conversation Message: PublishRequest"
"36","5.246923","127.0.0.1","127.0.0.1","TCP","44","53530  >  53271 [ACK] Seq=1810 Ack=997 Win=211 Len=0"
"37","5.387165","127.0.0.1","127.0.0.1","OpcUa","208","UA Secure Conversation Message: ReadRequest"
"38","5.387227","127.0.0.1","127.0.0.1","TCP","44","53530  >  53271 [ACK] Seq=1810 Ack=1161 Win=211 Len=0"
"39","5.388574","127.0.0.1","127.0.0.1","OpcUa","143","UA Secure Conversation Message: ReadResponse"
"40","5.388626","127.0.0.1","127.0.0.1","TCP","44","53271  >  53530 [ACK] Seq=1161 Ack=1909 Win=190 Len=0"
"41","6.244370","127.0.0.1","127.0.0.1","OpcUa","300","UA Secure Conversation Message: PublishResponse"
"42","6.244443","127.0.0.1","127.0.0.1","TCP","44","53271  >  53530 [ACK] Seq=1161 Ack=2165 Win=189 Len=0"
"43","6.259046","127.0.0.1","127.0.0.1","OpcUa","150","UA Secure Conversation Message: PublishRequest"
"44","6.259114","127.0.0.1","127.0.0.1","TCP","44","53530  >  53271 [ACK] Seq=2165 Ack=1267 Win=210 Len=0"
"45","7.243020","127.0.0.1","127.0.0.1","OpcUa","296","UA Secure Conversation Message: PublishResponse"
"46","7.243130","127.0.0.1","127.0.0.1","TCP","44","53271  >  53530 [ACK] Seq=1267 Ack=2417 Win=188 Len=0"
"47","7.256535","127.0.0.1","127.0.0.1","OpcUa","150","UA Secure Conversation Message: PublishRequest"
"48","7.256615","127.0.0.1","127.0.0.1","TCP","44","53530  >  53271 [ACK] Seq=2417 Ack=1373 Win=210 Len=0"
"49","8.234749","127.0.0.1","127.0.0.1","OpcUa","300","UA Secure Conversation Message: PublishResponse"
"50","8.234796","127.0.0.1","127.0.0.1","TCP","44","53271  >  53530 [ACK] Seq=1373 Ack=2673 Win=187 Len=0"
"51","8.240194","127.0.0.1","127.0.0.1","OpcUa","150","UA Secure Conversation Message: PublishRequest"
"52","8.240249","127.0.0.1","127.0.0.1","TCP","44","53530  >  53271 [ACK] Seq=2673 Ack=1479 Win=210 Len=0"
"53","9.240522","127.0.0.1","127.0.0.1","OpcUa","330","UA Secure Conversation Message: PublishResponse"
"54","9.240584","127.0.0.1","127.0.0.1","TCP","44","53271  >  53530 [ACK] Seq=1479 Ack=2959 Win=186 Len=0"
"55","9.254845","127.0.0.1","127.0.0.1","OpcUa","150","UA Secure Conversation Message: PublishRequest"
"56","9.254916","127.0.0.1","127.0.0.1","TCP","44","53530  >  53271 [ACK] Seq=2959 Ack=1585 Win=209 Len=0"
"57","10.003240","127.0.0.1","127.0.0.1","OpcUa","133","UA Secure Conversation Message: PublishResponse"
"58","10.003298","127.0.0.1","127.0.0.1","TCP","44","53271  >  53530 [ACK] Seq=1585 Ack=3048 Win=186 Len=0"
"59","10.017752","127.0.0.1","127.0.0.1","OpcUa","142","UA Secure Conversation Message: PublishRequest"
"60","10.017809","127.0.0.1","127.0.0.1","TCP","44","53530  >  53271 [ACK] Seq=3048 Ack=1683 Win=209 Len=0"
"61","10.237797","127.0.0.1","127.0.0.1","OpcUa","300","UA Secure Conversation Message: PublishResponse"
"62","10.237857","127.0.0.1","127.0.0.1","TCP","44","53271  >  53530 [ACK] Seq=1683 Ack=3304 Win=185 Len=0"
"63","10.251784","127.0.0.1","127.0.0.1","OpcUa","150","UA Secure Conversation Message: PublishRequest"
"64","10.251853","127.0.0.1","127.0.0.1","TCP","44","53530  >  53271 [ACK] Seq=3304 Ack=1789 Win=208 Len=0"
"65","10.393071","127.0.0.1","127.0.0.1","OpcUa","208","UA Secure Conversation Message: ReadRequest"
"66","10.393127","127.0.0.1","127.0.0.1","TCP","44","53530  >  53271 [ACK] Seq=3304 Ack=1953 Win=208 Len=0"
"67","10.395250","127.0.0.1","127.0.0.1","OpcUa","143","UA Secure Conversation Message: ReadResponse"
"68","10.395309","127.0.0.1","127.0.0.1","TCP","44","53271  >  53530 [ACK] Seq=1953 Ack=3403 Win=184 Len=0"
"69","11.238091","127.0.0.1","127.0.0.1","OpcUa","300","UA Secure Conversation Message: PublishResponse"
"70","11.238130","127.0.0.1","127.0.0.1","TCP","44","53271  >  53530 [ACK] Seq=1953 Ack=3659 Win=183 Len=0"
"71","11.253040","127.0.0.1","127.0.0.1","OpcUa","150","UA Secure Conversation Message: PublishRequest"
"72","11.253095","127.0.0.1","127.0.0.1","TCP","44","53530  >  53271 [ACK] Seq=3659 Ack=2059 Win=207 Len=0"
"73","12.234993","127.0.0.1","127.0.0.1","OpcUa","326","UA Secure Conversation Message: PublishResponse"
"74","12.235056","127.0.0.1","127.0.0.1","TCP","44","53271  >  53530 [ACK] Seq=2059 Ack=3941 Win=182 Len=0"
"75","12.249174","127.0.0.1","127.0.0.1","OpcUa","150","UA Secure Conversation Message: PublishRequest"
"76","12.249233","127.0.0.1","127.0.0.1","TCP","44","53530  >  53271 [ACK] Seq=3941 Ack=2165 Win=207 Len=0"
"77","13.239059","127.0.0.1","127.0.0.1","OpcUa","300","UA Secure Conversation Message: PublishResponse"
"78","13.239186","127.0.0.1","127.0.0.1","TCP","44","53271  >  53530 [ACK] Seq=2165 Ack=4197 Win=181 Len=0"
"79","13.253086","127.0.0.1","127.0.0.1","OpcUa","150","UA Secure Conversation Message: PublishRequest"
"80","13.253176","127.0.0.1","127.0.0.1","TCP","44","53530  >  53271 [ACK] Seq=4197 Ack=2271 Win=206 Len=0"
"81","14.238916","127.0.0.1","127.0.0.1","OpcUa","300","UA Secure Conversation Message: PublishResponse"
"82","14.238970","127.0.0.1","127.0.0.1","TCP","44","53271  >  53530 [ACK] Seq=2271 Ack=4453 Win=180 Len=0"
"83","14.253194","127.0.0.1","127.0.0.1","OpcUa","150","UA Secure Conversation Message: PublishRequest"
"84","14.253266","127.0.0.1","127.0.0.1","TCP","44","53530  >  53271 [ACK] Seq=4453 Ack=2377 Win=206 Len=0"
"85","15.005442","127.0.0.1","127.0.0.1","OpcUa","133","UA Secure Conversation Message: PublishResponse"
"86","15.005496","127.0.0.1","127.0.0.1","TCP","44","53271  >  53530 [ACK] Seq=2377 Ack=4542 Win=180 Len=0"
"87","15.020696","127.0.0.1","127.0.0.1","OpcUa","142","UA Secure Conversation Message: PublishRequest"
"88","15.020765","127.0.0.1","127.0.0.1","TCP","44","53530  >  53271 [ACK] Seq=4542 Ack=2475 Win=206 Len=0"
"89","15.239641","127.0.0.1","127.0.0.1","OpcUa","300","UA Secure Conversation Message: PublishResponse"
"90","15.239693","127.0.0.1","127.0.0.1","TCP","44","53271  >  53530 [ACK] Seq=2475 Ack=4798 Win=179 Len=0"
"91","15.254944","127.0.0.1","127.0.0.1","OpcUa","150","UA Secure Conversation Message: PublishRequest"
"92","15.255044","127.0.0.1","127.0.0.1","TCP","44","53530  >  53271 [ACK] Seq=4798 Ack=2581 Win=205 Len=0"
"93","15.396615","127.0.0.1","127.0.0.1","OpcUa","208","UA Secure Conversation Message: ReadRequest"
"94","15.396670","127.0.0.1","127.0.0.1","TCP","44","53530  >  53271 [ACK] Seq=4798 Ack=2745 Win=205 Len=0"
"95","15.397736","127.0.0.1","127.0.0.1","OpcUa","143","UA Secure Conversation Message: ReadResponse"
"96","15.397780","127.0.0.1","127.0.0.1","TCP","44","53271  >  53530 [ACK] Seq=2745 Ack=4897 Win=178 Len=0"
"97","16.241905","127.0.0.1","127.0.0.1","OpcUa","300","UA Secure Conversation Message: PublishResponse"
"98","16.241950","127.0.0.1","127.0.0.1","TCP","44","53271  >  53530 [ACK] Seq=2745 Ack=5153 Win=177 Len=0"
"99","16.256746","127.0.0.1","127.0.0.1","OpcUa","150","UA Secure Conversation Message: PublishRequest"
"100","16.256827","127.0.0.1","127.0.0.1","TCP","44","53530  >  53271 [ACK] Seq=5153 Ack=2851 Win=204 Len=0"
"101","17.233092","127.0.0.1","127.0.0.1","OpcUa","326","UA Secure Conversation Message: PublishResponse"
"102","17.233137","127.0.0.1","127.0.0.1","TCP","44","53271  >  53530 [ACK] Seq=2851 Ack=5435 Win=176 Len=0"
"103","17.247441","127.0.0.1","127.0.0.1","OpcUa","150","UA Secure Conversation Message: PublishRequest"
"104","17.247519","127.0.0.1","127.0.0.1","TCP","44","53530  >  53271 [ACK] Seq=5435 Ack=2957 Win=204 Len=0"
"105","18.242595","127.0.0.1","127.0.0.1","OpcUa","300","UA Secure Conversation Message: PublishResponse"
"106","18.242638","127.0.0.1","127.0.0.1","TCP","44","53271  >  53530 [ACK] Seq=2957 Ack=5691 Win=175 Len=0"
"107","18.257282","127.0.0.1","127.0.0.1","OpcUa","150","UA Secure Conversation Message: PublishRequest"
"108","18.257354","127.0.0.1","127.0.0.1","TCP","44","53530  >  53271 [ACK] Seq=5691 Ack=3063 Win=203 Len=0"
"109","19.234991","127.0.0.1","127.0.0.1","OpcUa","240","UA Secure Conversation Message: PublishResponse"
"110","19.235053","127.0.0.1","127.0.0.1","TCP","44","53271  >  53530 [ACK] Seq=3063 Ack=5887 Win=175 Len=0"
"111","19.248062","127.0.0.1","127.0.0.1","OpcUa","150","UA Secure Conversation Message: PublishRequest"
"112","19.248133","127.0.0.1","127.0.0.1","TCP","44","53530  >  53271 [ACK] Seq=5887 Ack=3169 Win=203 Len=0"
"113","19.998282","127.0.0.1","127.0.0.1","OpcUa","133","UA Secure Conversation Message: PublishResponse"
"114","19.998322","127.0.0.1","127.0.0.1","TCP","44","53271  >  53530 [ACK] Seq=3169 Ack=5976 Win=174 Len=0"
"115","20.013638","127.0.0.1","127.0.0.1","OpcUa","142","UA Secure Conversation Message: PublishRequest"
"116","20.013700","127.0.0.1","127.0.0.1","TCP","44","53530  >  53271 [ACK] Seq=5976 Ack=3267 Win=203 Len=0"
"117","20.234799","127.0.0.1","127.0.0.1","OpcUa","300","UA Secure Conversation Message: PublishResponse"
"118","20.234839","127.0.0.1","127.0.0.1","TCP","44","53271  >  53530 [ACK] Seq=3267 Ack=6232 Win=173 Len=0"
"119","20.248611","127.0.0.1","127.0.0.1","OpcUa","150","UA Secure Conversation Message: PublishRequest"
"120","20.248668","127.0.0.1","127.0.0.1","TCP","44","53530  >  53271 [ACK] Seq=6232 Ack=3373 Win=202 Len=0"
"121","20.402684","127.0.0.1","127.0.0.1","OpcUa","208","UA Secure Conversation Message: ReadRequest"
"122","20.402759","127.0.0.1","127.0.0.1","TCP","44","53530  >  53271 [ACK] Seq=6232 Ack=3537 Win=201 Len=0"
"123","20.405259","127.0.0.1","127.0.0.1","OpcUa","143","UA Secure Conversation Message: ReadResponse"
"124","20.405326","127.0.0.1","127.0.0.1","TCP","44","53271  >  53530 [ACK] Seq=3537 Ack=6331 Win=173 Len=0"
"125","21.233912","127.0.0.1","127.0.0.1","OpcUa","330","UA Secure Conversation Message: PublishResponse"
"126","21.233964","127.0.0.1","127.0.0.1","TCP","44","53271  >  53530 [ACK] Seq=3537 Ack=6617 Win=172 Len=0"
"127","21.247158","127.0.0.1","127.0.0.1","OpcUa","150","UA Secure Conversation Message: PublishRequest"
"128","21.247211","127.0.0.1","127.0.0.1","TCP","44","53530  >  53271 [ACK] Seq=6617 Ack=3643 Win=201 Len=0"
"129","22.234024","127.0.0.1","127.0.0.1","OpcUa","296","UA Secure Conversation Message: PublishResponse"
"130","22.234102","127.0.0.1","127.0.0.1","TCP","44","53271  >  53530 [ACK] Seq=3643 Ack=6869 Win=171 Len=0"
"131","22.248414","127.0.0.1","127.0.0.1","OpcUa","150","UA Secure Conversation Message: PublishRequest"
"132","22.248490","127.0.0.1","127.0.0.1","TCP","44","53530  >  53271 [ACK] Seq=6869 Ack=3749 Win=201 Len=0"
"133","23.241779","127.0.0.1","127.0.0.1","OpcUa","300","UA Secure Conversation Message: PublishResponse"
"134","23.241841","127.0.0.1","127.0.0.1","TCP","44","53271  >  53530 [ACK] Seq=3749 Ack=7125 Win=170 Len=0"
"135","23.254987","127.0.0.1","127.0.0.1","OpcUa","150","UA Secure Conversation Message: PublishRequest"
"136","23.255050","127.0.0.1","127.0.0.1","TCP","44","53530  >  53271 [ACK] Seq=7125 Ack=3855 Win=200 Len=0"
"143","24.240625","127.0.0.1","127.0.0.1","OpcUa","330","UA Secure Conversation Message: PublishResponse"
"144","24.240677","127.0.0.1","127.0.0.1","TCP","44","53271  >  53530 [ACK] Seq=3855 Ack=7411 Win=169 Len=0"
"145","24.254293","127.0.0.1","127.0.0.1","OpcUa","150","UA Secure Conversation Message: PublishRequest"
"146","24.254346","127.0.0.1","127.0.0.1","TCP","44","53530  >  53271 [ACK] Seq=7411 Ack=3961 Win=200 Len=0"
"147","24.992420","127.0.0.1","127.0.0.1","OpcUa","133","UA Secure Conversation Message: PublishResponse"
"148","24.992476","127.0.0.1","127.0.0.1","TCP","44","53271  >  53530 [ACK] Seq=3961 Ack=7500 Win=168 Len=0"
"149","25.007173","127.0.0.1","127.0.0.1","OpcUa","142","UA Secure Conversation Message: PublishRequest"
"150","25.007236","127.0.0.1","127.0.0.1","TCP","44","53530  >  53271 [ACK] Seq=7500 Ack=4059 Win=199 Len=0"
"151","25.244921","127.0.0.1","127.0.0.1","OpcUa","300","UA Secure Conversation Message: PublishResponse"
"152","25.244977","127.0.0.1","127.0.0.1","TCP","44","53271  >  53530 [ACK] Seq=4059 Ack=7756 Win=167 Len=0"
"153","25.258536","127.0.0.1","127.0.0.1","OpcUa","150","UA Secure Conversation Message: PublishRequest"
"154","25.258574","127.0.0.1","127.0.0.1","TCP","44","53530  >  53271 [ACK] Seq=7756 Ack=4165 Win=199 Len=0"
"155","25.416765","127.0.0.1","127.0.0.1","OpcUa","208","UA Secure Conversation Message: ReadRequest"
"156","25.416837","127.0.0.1","127.0.0.1","TCP","44","53530  >  53271 [ACK] Seq=7756 Ack=4329 Win=198 Len=0"
"157","25.418784","127.0.0.1","127.0.0.1","OpcUa","143","UA Secure Conversation Message: ReadResponse"
"158","25.418833","127.0.0.1","127.0.0.1","TCP","44","53271  >  53530 [ACK] Seq=4329 Ack=7855 Win=167 Len=0"
"159","26.242568","127.0.0.1","127.0.0.1","OpcUa","300","UA Secure Conversation Message: PublishResponse"
"160","26.242614","127.0.0.1","127.0.0.1","TCP","44","53271  >  53530 [ACK] Seq=4329 Ack=8111 Win=166 Len=0"
"161","26.257501","127.0.0.1","127.0.0.1","OpcUa","150","UA Secure Conversation Message: PublishRequest"
"162","26.257575","127.0.0.1","127.0.0.1","TCP","44","53530  >  53271 [ACK] Seq=8111 Ack=4435 Win=198 Len=0"
"163","27.242175","127.0.0.1","127.0.0.1","OpcUa","296","UA Secure Conversation Message: PublishResponse"
"164","27.242231","127.0.0.1","127.0.0.1","TCP","44","53271  >  53530 [ACK] Seq=4435 Ack=8363 Win=165 Len=0"
"165","27.256577","127.0.0.1","127.0.0.1","OpcUa","150","UA Secure Conversation Message: PublishRequest"
"166","27.256645","127.0.0.1","127.0.0.1","TCP","44","53530  >  53271 [ACK] Seq=8363 Ack=4541 Win=198 Len=0"
"167","28.240978","127.0.0.1","127.0.0.1","OpcUa","300","UA Secure Conversation Message: PublishResponse"
"168","28.241019","127.0.0.1","127.0.0.1","TCP","44","53271  >  53530 [ACK] Seq=4541 Ack=8619 Win=164 Len=0"
"169","28.255368","127.0.0.1","127.0.0.1","OpcUa","150","UA Secure Conversation Message: PublishRequest"
"170","28.255440","127.0.0.1","127.0.0.1","TCP","44","53530  >  53271 [ACK] Seq=8619 Ack=4647 Win=197 Len=0"
"171","29.245761","127.0.0.1","127.0.0.1","OpcUa","330","UA Secure Conversation Message: PublishResponse"
"172","29.245817","127.0.0.1","127.0.0.1","TCP","44","53271  >  53530 [ACK] Seq=4647 Ack=8905 Win=163 Len=0"
"173","29.259467","127.0.0.1","127.0.0.1","OpcUa","150","UA Secure Conversation Message: PublishRequest"
"174","29.259526","127.0.0.1","127.0.0.1","TCP","44","53530  >  53271 [ACK] Seq=8905 Ack=4753 Win=197 Len=0"
"175","29.998254","127.0.0.1","127.0.0.1","OpcUa","133","UA Secure Conversation Message: PublishResponse"
"176","29.998294","127.0.0.1","127.0.0.1","TCP","44","53271  >  53530 [ACK] Seq=4753 Ack=8994 Win=162 Len=0"
"177","30.013071","127.0.0.1","127.0.0.1","OpcUa","142","UA Secure Conversation Message: PublishRequest"
"178","30.013136","127.0.0.1","127.0.0.1","TCP","44","53530  >  53271 [ACK] Seq=8994 Ack=4851 Win=196 Len=0"
"179","30.234950","127.0.0.1","127.0.0.1","OpcUa","300","UA Secure Conversation Message: PublishResponse"
"180","30.235018","127.0.0.1","127.0.0.1","TCP","44","53271  >  53530 [ACK] Seq=4851 Ack=9250 Win=161 Len=0"
"181","30.249268","127.0.0.1","127.0.0.1","OpcUa","150","UA Secure Conversation Message: PublishRequest"
"182","30.249330","127.0.0.1","127.0.0.1","TCP","44","53530  >  53271 [ACK] Seq=9250 Ack=4957 Win=196 Len=0"
"183","30.421581","127.0.0.1","127.0.0.1","OpcUa","208","UA Secure Conversation Message: ReadRequest"
"184","30.421635","127.0.0.1","127.0.0.1","TCP","44","53530  >  53271 [ACK] Seq=9250 Ack=5121 Win=195 Len=0"
"185","30.423380","127.0.0.1","127.0.0.1","OpcUa","143","UA Secure Conversation Message: ReadResponse"
"186","30.423420","127.0.0.1","127.0.0.1","TCP","44","53271  >  53530 [ACK] Seq=5121 Ack=9349 Win=161 Len=0"
"187","31.236426","127.0.0.1","127.0.0.1","OpcUa","300","UA Secure Conversation Message: PublishResponse"
"188","31.236471","127.0.0.1","127.0.0.1","TCP","44","53271  >  53530 [ACK] Seq=5121 Ack=9605 Win=160 Len=0"
"189","31.250170","127.0.0.1","127.0.0.1","OpcUa","150","UA Secure Conversation Message: PublishRequest"
"190","31.250223","127.0.0.1","127.0.0.1","TCP","44","53530  >  53271 [ACK] Seq=9605 Ack=5227 Win=195 Len=0"
"191","32.236972","127.0.0.1","127.0.0.1","OpcUa","296","UA Secure Conversation Message: PublishResponse"
"192","32.237017","127.0.0.1","127.0.0.1","TCP","44","53271  >  53530 [ACK] Seq=5227 Ack=9857 Win=159 Len=0"
"193","32.251191","127.0.0.1","127.0.0.1","OpcUa","150","UA Secure Conversation Message: PublishRequest"
"194","32.251261","127.0.0.1","127.0.0.1","TCP","44","53530  >  53271 [ACK] Seq=9857 Ack=5333 Win=194 Len=0"
"195","33.246105","127.0.0.1","127.0.0.1","OpcUa","330","UA Secure Conversation Message: PublishResponse"
"196","33.246147","127.0.0.1","127.0.0.1","TCP","44","53271  >  53530 [ACK] Seq=5333 Ack=10143 Win=158 Len=0"
"197","33.261264","127.0.0.1","127.0.0.1","OpcUa","150","UA Secure Conversation Message: PublishRequest"
"198","33.261326","127.0.0.1","127.0.0.1","TCP","44","53530  >  53271 [ACK] Seq=10143 Ack=5439 Win=194 Len=0"
"199","34.235642","127.0.0.1","127.0.0.1","OpcUa","240","UA Secure Conversation Message: PublishResponse"
"200","34.235685","127.0.0.1","127.0.0.1","TCP","44","53271  >  53530 [ACK] Seq=5439 Ack=10339 Win=157 Len=0"
"201","34.249855","127.0.0.1","127.0.0.1","OpcUa","150","UA Secure Conversation Message: PublishRequest"
"202","34.249911","127.0.0.1","127.0.0.1","TCP","44","53530  >  53271 [ACK] Seq=10339 Ack=5545 Win=194 Len=0"
"203","35.000670","127.0.0.1","127.0.0.1","OpcUa","133","UA Secure Conversation Message: PublishResponse"
"204","35.000733","127.0.0.1","127.0.0.1","TCP","44","53271  >  53530 [ACK] Seq=5545 Ack=10428 Win=157 Len=0"
"205","35.015512","127.0.0.1","127.0.0.1","OpcUa","142","UA Secure Conversation Message: PublishRequest"
"206","35.015563","127.0.0.1","127.0.0.1","TCP","44","53530  >  53271 [ACK] Seq=10428 Ack=5643 Win=193 Len=0"
"207","35.234707","127.0.0.1","127.0.0.1","OpcUa","300","UA Secure Conversation Message: PublishResponse"
"208","35.234761","127.0.0.1","127.0.0.1","TCP","44","53271  >  53530 [ACK] Seq=5643 Ack=10684 Win=156 Len=0"
"209","35.248230","127.0.0.1","127.0.0.1","OpcUa","150","UA Secure Conversation Message: PublishRequest"
"210","35.248385","127.0.0.1","127.0.0.1","TCP","44","53530  >  53271 [ACK] Seq=10684 Ack=5749 Win=193 Len=0"
"211","35.435793","127.0.0.1","127.0.0.1","OpcUa","208","UA Secure Conversation Message: ReadRequest"
"212","35.435865","127.0.0.1","127.0.0.1","TCP","44","53530  >  53271 [ACK] Seq=10684 Ack=5913 Win=192 Len=0"
"213","35.437951","127.0.0.1","127.0.0.1","OpcUa","143","UA Secure Conversation Message: ReadResponse"
"214","35.438003","127.0.0.1","127.0.0.1","TCP","44","53271  >  53530 [ACK] Seq=5913 Ack=10783 Win=155 Len=0"
"215","36.237213","127.0.0.1","127.0.0.1","OpcUa","300","UA Secure Conversation Message: PublishResponse"
"216","36.237253","127.0.0.1","127.0.0.1","TCP","44","53271  >  53530 [ACK] Seq=5913 Ack=11039 Win=154 Len=0"
"217","36.250384","127.0.0.1","127.0.0.1","OpcUa","150","UA Secure Conversation Message: PublishRequest"
"218","36.250431","127.0.0.1","127.0.0.1","TCP","44","53530  >  53271 [ACK] Seq=11039 Ack=6019 Win=192 Len=0"
"219","37.241679","127.0.0.1","127.0.0.1","OpcUa","326","UA Secure Conversation Message: PublishResponse"
"220","37.241727","127.0.0.1","127.0.0.1","TCP","44","53271  >  53530 [ACK] Seq=6019 Ack=11321 Win=153 Len=0"
"221","37.255708","127.0.0.1","127.0.0.1","OpcUa","150","UA Secure Conversation Message: PublishRequest"
"222","37.255793","127.0.0.1","127.0.0.1","TCP","44","53530  >  53271 [ACK] Seq=11321 Ack=6125 Win=191 Len=0"
"223","38.241046","127.0.0.1","127.0.0.1","OpcUa","300","UA Secure Conversation Message: PublishResponse"
"224","38.241138","127.0.0.1","127.0.0.1","TCP","44","53271  >  53530 [ACK] Seq=6125 Ack=11577 Win=152 Len=0"
"225","38.255517","127.0.0.1","127.0.0.1","OpcUa","150","UA Secure Conversation Message: PublishRequest"
"226","38.255571","127.0.0.1","127.0.0.1","TCP","44","53530  >  53271 [ACK] Seq=11577 Ack=6231 Win=191 Len=0"
"227","39.242471","127.0.0.1","127.0.0.1","OpcUa","300","UA Secure Conversation Message: PublishResponse"
"228","39.242539","127.0.0.1","127.0.0.1","TCP","44","53271  >  53530 [ACK] Seq=6231 Ack=11833 Win=151 Len=0"
"229","39.255461","127.0.0.1","127.0.0.1","OpcUa","150","UA Secure Conversation Message: PublishRequest"
"230","39.255543","127.0.0.1","127.0.0.1","TCP","44","53530  >  53271 [ACK] Seq=11833 Ack=6337 Win=191 Len=0"
"231","40.002821","127.0.0.1","127.0.0.1","OpcUa","133","UA Secure Conversation Message: PublishResponse"
"232","40.002873","127.0.0.1","127.0.0.1","TCP","44","53271  >  53530 [ACK] Seq=6337 Ack=11922 Win=151 Len=0"
"233","40.017845","127.0.0.1","127.0.0.1","OpcUa","142","UA Secure Conversation Message: PublishRequest"
"234","40.017903","127.0.0.1","127.0.0.1","TCP","44","53530  >  53271 [ACK] Seq=11922 Ack=6435 Win=190 Len=0"
"235","40.238355","127.0.0.1","127.0.0.1","OpcUa","300","UA Secure Conversation Message: PublishResponse"
"236","40.238406","127.0.0.1","127.0.0.1","TCP","44","53271  >  53530 [ACK] Seq=6435 Ack=12178 Win=150 Len=0"
"237","40.252124","127.0.0.1","127.0.0.1","OpcUa","150","UA Secure Conversation Message: PublishRequest"
"238","40.252201","127.0.0.1","127.0.0.1","TCP","44","53530  >  53271 [ACK] Seq=12178 Ack=6541 Win=190 Len=0"
"239","40.439913","127.0.0.1","127.0.0.1","OpcUa","208","UA Secure Conversation Message: ReadRequest"
"240","40.439979","127.0.0.1","127.0.0.1","TCP","44","53530  >  53271 [ACK] Seq=12178 Ack=6705 Win=189 Len=0"
"241","40.441178","127.0.0.1","127.0.0.1","OpcUa","143","UA Secure Conversation Message: ReadResponse"
"242","40.441217","127.0.0.1","127.0.0.1","TCP","44","53271  >  53530 [ACK] Seq=6705 Ack=12277 Win=150 Len=0"
"243","41.245169","127.0.0.1","127.0.0.1","OpcUa","330","UA Secure Conversation Message: PublishResponse"
"244","41.245218","127.0.0.1","127.0.0.1","TCP","44","53271  >  53530 [ACK] Seq=6705 Ack=12563 Win=149 Len=0"
"245","41.258526","127.0.0.1","127.0.0.1","OpcUa","150","UA Secure Conversation Message: PublishRequest"
"246","41.258591","127.0.0.1","127.0.0.1","TCP","44","53530  >  53271 [ACK] Seq=12563 Ack=6811 Win=189 Len=0"
"247","42.247896","127.0.0.1","127.0.0.1","OpcUa","296","UA Secure Conversation Message: PublishResponse"
"248","42.247940","127.0.0.1","127.0.0.1","TCP","44","53271  >  53530 [ACK] Seq=6811 Ack=12815 Win=148 Len=0"
"249","42.262129","127.0.0.1","127.0.0.1","OpcUa","150","UA Secure Conversation Message: PublishRequest"
"250","42.262198","127.0.0.1","127.0.0.1","TCP","44","53530  >  53271 [ACK] Seq=12815 Ack=6917 Win=188 Len=0"
"251","43.246019","127.0.0.1","127.0.0.1","OpcUa","300","UA Secure Conversation Message: PublishResponse"
"252","43.246079","127.0.0.1","127.0.0.1","TCP","44","53271  >  53530 [ACK] Seq=6917 Ack=13071 Win=147 Len=0"
"253","43.260455","127.0.0.1","127.0.0.1","OpcUa","150","UA Secure Conversation Message: PublishRequest"
"254","43.260515","127.0.0.1","127.0.0.1","TCP","44","53530  >  53271 [ACK] Seq=13071 Ack=7023 Win=188 Len=0"
"255","44.245414","127.0.0.1","127.0.0.1","OpcUa","330","UA Secure Conversation Message: PublishResponse"
"256","44.245471","127.0.0.1","127.0.0.1","TCP","44","53271  >  53530 [ACK] Seq=7023 Ack=13357 Win=145 Len=0"
"257","44.260227","127.0.0.1","127.0.0.1","OpcUa","150","UA Secure Conversation Message: PublishRequest"
"258","44.260289","127.0.0.1","127.0.0.1","TCP","44","53530  >  53271 [ACK] Seq=13357 Ack=7129 Win=187 Len=0"
"259","44.996799","127.0.0.1","127.0.0.1","OpcUa","133","UA Secure Conversation Message: PublishResponse"
"260","44.996836","127.0.0.1","127.0.0.1","TCP","44","53271  >  53530 [ACK] Seq=7129 Ack=13446 Win=145 Len=0"
"261","45.011682","127.0.0.1","127.0.0.1","OpcUa","142","UA Secure Conversation Message: PublishRequest"
"262","45.011767","127.0.0.1","127.0.0.1","TCP","44","53530  >  53271 [ACK] Seq=13446 Ack=7227 Win=187 Len=0"
"263","45.247988","127.0.0.1","127.0.0.1","OpcUa","300","UA Secure Conversation Message: PublishResponse"
"264","45.248035","127.0.0.1","127.0.0.1","TCP","44","53271  >  53530 [ACK] Seq=7227 Ack=13702 Win=144 Len=0"
"265","45.262340","127.0.0.1","127.0.0.1","OpcUa","150","UA Secure Conversation Message: PublishRequest"
"266","45.262400","127.0.0.1","127.0.0.1","TCP","44","53530  >  53271 [ACK] Seq=13702 Ack=7333 Win=187 Len=0"
"267","45.450629","127.0.0.1","127.0.0.1","OpcUa","208","UA Secure Conversation Message: ReadRequest"
"268","45.450682","127.0.0.1","127.0.0.1","TCP","44","53530  >  53271 [ACK] Seq=13702 Ack=7497 Win=186 Len=0"
"269","45.451873","127.0.0.1","127.0.0.1","OpcUa","143","UA Secure Conversation Message: ReadResponse"
"270","45.451920","127.0.0.1","127.0.0.1","TCP","44","53271  >  53530 [ACK] Seq=7497 Ack=13801 Win=144 Len=0"
"271","46.240199","127.0.0.1","127.0.0.1","OpcUa","300","UA Secure Conversation Message: PublishResponse"
"272","46.240243","127.0.0.1","127.0.0.1","TCP","44","53271  >  53530 [ACK] Seq=7497 Ack=14057 Win=143 Len=0"
"273","46.255234","127.0.0.1","127.0.0.1","OpcUa","150","UA Secure Conversation Message: PublishRequest"
"274","46.255293","127.0.0.1","127.0.0.1","TCP","44","53530  >  53271 [ACK] Seq=14057 Ack=7603 Win=186 Len=0"
"275","47.245172","127.0.0.1","127.0.0.1","OpcUa","296","UA Secure Conversation Message: PublishResponse"
"276","47.245225","127.0.0.1","127.0.0.1","TCP","44","53271  >  53530 [ACK] Seq=7603 Ack=14309 Win=142 Len=0"
"277","47.258810","127.0.0.1","127.0.0.1","OpcUa","150","UA Secure Conversation Message: PublishRequest"
"278","47.258871","127.0.0.1","127.0.0.1","TCP","44","53530  >  53271 [ACK] Seq=14309 Ack=7709 Win=185 Len=0"
"279","48.245254","127.0.0.1","127.0.0.1","OpcUa","300","UA Secure Conversation Message: PublishResponse"
"280","48.245298","127.0.0.1","127.0.0.1","TCP","44","53271  >  53530 [ACK] Seq=7709 Ack=14565 Win=141 Len=0"
"281","48.260313","127.0.0.1","127.0.0.1","OpcUa","150","UA Secure Conversation Message: PublishRequest"
"282","48.260382","127.0.0.1","127.0.0.1","TCP","44","53530  >  53271 [ACK] Seq=14565 Ack=7815 Win=185 Len=0"
"283","49.245519","127.0.0.1","127.0.0.1","OpcUa","270","UA Secure Conversation Message: PublishResponse"
"284","49.245559","127.0.0.1","127.0.0.1","TCP","44","53271  >  53530 [ACK] Seq=7815 Ack=14791 Win=140 Len=0"
"285","49.259968","127.0.0.1","127.0.0.1","OpcUa","150","UA Secure Conversation Message: PublishRequest"
"286","49.260060","127.0.0.1","127.0.0.1","TCP","44","53530  >  53271 [ACK] Seq=14791 Ack=7921 Win=184 Len=0"
"287","49.997108","127.0.0.1","127.0.0.1","OpcUa","133","UA Secure Conversation Message: PublishResponse"
"288","49.997155","127.0.0.1","127.0.0.1","TCP","44","53271  >  53530 [ACK] Seq=7921 Ack=14880 Win=139 Len=0"
"289","50.011359","127.0.0.1","127.0.0.1","OpcUa","142","UA Secure Conversation Message: PublishRequest"
"290","50.011419","127.0.0.1","127.0.0.1","TCP","44","53530  >  53271 [ACK] Seq=14880 Ack=8019 Win=184 Len=0"
"291","50.234470","127.0.0.1","127.0.0.1","OpcUa","300","UA Secure Conversation Message: PublishResponse"
"292","50.234509","127.0.0.1","127.0.0.1","TCP","44","53271  >  53530 [ACK] Seq=8019 Ack=15136 Win=138 Len=0"
"293","50.248738","127.0.0.1","127.0.0.1","OpcUa","150","UA Secure Conversation Message: PublishRequest"
"294","50.248819","127.0.0.1","127.0.0.1","TCP","44","53530  >  53271 [ACK] Seq=15136 Ack=8125 Win=184 Len=0"
"295","50.466448","127.0.0.1","127.0.0.1","OpcUa","208","UA Secure Conversation Message: ReadRequest"
"296","50.466550","127.0.0.1","127.0.0.1","TCP","44","53530  >  53271 [ACK] Seq=15136 Ack=8289 Win=183 Len=0"
"297","50.468401","127.0.0.1","127.0.0.1","OpcUa","143","UA Secure Conversation Message: ReadResponse"
"298","50.468446","127.0.0.1","127.0.0.1","TCP","44","53271  >  53530 [ACK] Seq=8289 Ack=15235 Win=138 Len=0"
"299","51.233204","127.0.0.1","127.0.0.1","OpcUa","300","UA Secure Conversation Message: PublishResponse"
"300","51.233254","127.0.0.1","127.0.0.1","TCP","44","53271  >  53530 [ACK] Seq=8289 Ack=15491 Win=137 Len=0"
"301","51.248007","127.0.0.1","127.0.0.1","OpcUa","150","UA Secure Conversation Message: PublishRequest"
"302","51.248087","127.0.0.1","127.0.0.1","TCP","44","53530  >  53271 [ACK] Seq=15491 Ack=8395 Win=182 Len=0"
"303","52.237824","127.0.0.1","127.0.0.1","OpcUa","296","UA Secure Conversation Message: PublishResponse"
"304","52.237899","127.0.0.1","127.0.0.1","TCP","44","53271  >  53530 [ACK] Seq=8395 Ack=15743 Win=136 Len=0"
"305","52.251900","127.0.0.1","127.0.0.1","OpcUa","150","UA Secure Conversation Message: PublishRequest"
"306","52.251985","127.0.0.1","127.0.0.1","TCP","44","53530  >  53271 [ACK] Seq=15743 Ack=8501 Win=182 Len=0"
"307","53.241304","127.0.0.1","127.0.0.1","OpcUa","330","UA Secure Conversation Message: PublishResponse"
"308","53.241353","127.0.0.1","127.0.0.1","TCP","44","53271  >  53530 [ACK] Seq=8501 Ack=16029 Win=135 Len=0"
"309","53.255478","127.0.0.1","127.0.0.1","OpcUa","150","UA Secure Conversation Message: PublishRequest"
"310","53.255523","127.0.0.1","127.0.0.1","TCP","44","53530  >  53271 [ACK] Seq=16029 Ack=8607 Win=182 Len=0"
"311","54.234693","127.0.0.1","127.0.0.1","OpcUa","300","UA Secure Conversation Message: PublishResponse"
"312","54.234741","127.0.0.1","127.0.0.1","TCP","44","53271  >  53530 [ACK] Seq=8607 Ack=16285 Win=134 Len=0"
"313","54.249006","127.0.0.1","127.0.0.1","OpcUa","150","UA Secure Conversation Message: PublishRequest"
"314","54.249101","127.0.0.1","127.0.0.1","TCP","44","53530  >  53271 [ACK] Seq=16285 Ack=8713 Win=181 Len=0"
"315","54.991273","127.0.0.1","127.0.0.1","OpcUa","133","UA Secure Conversation Message: PublishResponse"
"316","54.991313","127.0.0.1","127.0.0.1","TCP","44","53271  >  53530 [ACK] Seq=8713 Ack=16374 Win=134 Len=0"
"317","55.005731","127.0.0.1","127.0.0.1","OpcUa","142","UA Secure Conversation Message: PublishRequest"
"318","55.005779","127.0.0.1","127.0.0.1","TCP","44","53530  >  53271 [ACK] Seq=16374 Ack=8811 Win=181 Len=0"
"319","55.244119","127.0.0.1","127.0.0.1","OpcUa","300","UA Secure Conversation Message: PublishResponse"
"320","55.244187","127.0.0.1","127.0.0.1","TCP","44","53271  >  53530 [ACK] Seq=8811 Ack=16630 Win=133 Len=0"
"321","55.259085","127.0.0.1","127.0.0.1","OpcUa","150","UA Secure Conversation Message: PublishRequest"
"322","55.259155","127.0.0.1","127.0.0.1","TCP","44","53530  >  53271 [ACK] Seq=16630 Ack=8917 Win=180 Len=0"
"323","55.477328","127.0.0.1","127.0.0.1","OpcUa","208","UA Secure Conversation Message: ReadRequest"
"324","55.477402","127.0.0.1","127.0.0.1","TCP","44","53530  >  53271 [ACK] Seq=16630 Ack=9081 Win=180 Len=0"
"325","55.479036","127.0.0.1","127.0.0.1","OpcUa","143","UA Secure Conversation Message: ReadResponse"
"326","55.479103","127.0.0.1","127.0.0.1","TCP","44","53271  >  53530 [ACK] Seq=9081 Ack=16729 Win=132 Len=0"
"327","56.235895","127.0.0.1","127.0.0.1","OpcUa","330","UA Secure Conversation Message: PublishResponse"
"328","56.235963","127.0.0.1","127.0.0.1","TCP","44","53271  >  53530 [ACK] Seq=9081 Ack=17015 Win=131 Len=0"
"329","56.249469","127.0.0.1","127.0.0.1","OpcUa","150","UA Secure Conversation Message: PublishRequest"
"330","56.249506","127.0.0.1","127.0.0.1","TCP","44","53530  >  53271 [ACK] Seq=17015 Ack=9187 Win=179 Len=0"
"331","57.241866","127.0.0.1","127.0.0.1","OpcUa","296","UA Secure Conversation Message: PublishResponse"
"332","57.241939","127.0.0.1","127.0.0.1","TCP","44","53271  >  53530 [ACK] Seq=9187 Ack=17267 Win=130 Len=0"
"333","57.256110","127.0.0.1","127.0.0.1","OpcUa","150","UA Secure Conversation Message: PublishRequest"
"334","57.256189","127.0.0.1","127.0.0.1","TCP","44","53530  >  53271 [ACK] Seq=17267 Ack=9293 Win=179 Len=0"
"335","58.242262","127.0.0.1","127.0.0.1","OpcUa","300","UA Secure Conversation Message: PublishResponse"
"336","58.242334","127.0.0.1","127.0.0.1","TCP","44","53271  >  53530 [ACK] Seq=9293 Ack=17523 Win=129 Len=0"
"337","58.256239","127.0.0.1","127.0.0.1","OpcUa","150","UA Secure Conversation Message: PublishRequest"
"338","58.256308","127.0.0.1","127.0.0.1","TCP","44","53530  >  53271 [ACK] Seq=17523 Ack=9399 Win=179 Len=0"
"339","59.241405","127.0.0.1","127.0.0.1","OpcUa","300","UA Secure Conversation Message: PublishResponse"
"340","59.241513","127.0.0.1","127.0.0.1","TCP","44","53271  >  53530 [ACK] Seq=9399 Ack=17779 Win=128 Len=0"
"341","59.255589","127.0.0.1","127.0.0.1","OpcUa","150","UA Secure Conversation Message: PublishRequest"
"342","59.255667","127.0.0.1","127.0.0.1","TCP","44","53530  >  53271 [ACK] Seq=17779 Ack=9505 Win=178 Len=0"
"343","59.991713","127.0.0.1","127.0.0.1","OpcUa","133","UA Secure Conversation Message: PublishResponse"
"344","59.991755","127.0.0.1","127.0.0.1","TCP","44","53271  >  53530 [ACK] Seq=9505 Ack=17868 Win=128 Len=0"
"345","60.006835","127.0.0.1","127.0.0.1","OpcUa","142","UA Secure Conversation Message: PublishRequest"
"346","60.006897","127.0.0.1","127.0.0.1","TCP","44","53530  >  53271 [ACK] Seq=17868 Ack=9603 Win=178 Len=0"
"347","60.242810","127.0.0.1","127.0.0.1","OpcUa","300","UA Secure Conversation Message: PublishResponse"
"348","60.242893","127.0.0.1","127.0.0.1","TCP","44","53271  >  53530 [ACK] Seq=9603 Ack=18124 Win=255 Len=0"
"349","60.257040","127.0.0.1","127.0.0.1","OpcUa","150","UA Secure Conversation Message: PublishRequest"
"350","60.257083","127.0.0.1","127.0.0.1","TCP","44","53530  >  53271 [ACK] Seq=18124 Ack=9709 Win=177 Len=0"
"351","60.493313","127.0.0.1","127.0.0.1","OpcUa","208","UA Secure Conversation Message: ReadRequest"
"352","60.493389","127.0.0.1","127.0.0.1","TCP","44","53530  >  53271 [ACK] Seq=18124 Ack=9873 Win=177 Len=0"
"353","60.494500","127.0.0.1","127.0.0.1","OpcUa","143","UA Secure Conversation Message: ReadResponse"
"354","60.494579","127.0.0.1","127.0.0.1","TCP","44","53271  >  53530 [ACK] Seq=9873 Ack=18223 Win=255 Len=0"
"355","61.246424","127.0.0.1","127.0.0.1","OpcUa","330","UA Secure Conversation Message: PublishResponse"
"356","61.246480","127.0.0.1","127.0.0.1","TCP","44","53271  >  53530 [ACK] Seq=9873 Ack=18509 Win=254 Len=0"
"357","61.261669","127.0.0.1","127.0.0.1","OpcUa","150","UA Secure Conversation Message: PublishRequest"
"358","61.261736","127.0.0.1","127.0.0.1","TCP","44","53530  >  53271 [ACK] Seq=18509 Ack=9979 Win=176 Len=0"
"359","62.235749","127.0.0.1","127.0.0.1","OpcUa","296","UA Secure Conversation Message: PublishResponse"
"360","62.235794","127.0.0.1","127.0.0.1","TCP","44","53271  >  53530 [ACK] Seq=9979 Ack=18761 Win=253 Len=0"
"361","62.249490","127.0.0.1","127.0.0.1","OpcUa","150","UA Secure Conversation Message: PublishRequest"
"362","62.249534","127.0.0.1","127.0.0.1","TCP","44","53530  >  53271 [ACK] Seq=18761 Ack=10085 Win=176 Len=0"
"363","63.239867","127.0.0.1","127.0.0.1","OpcUa","300","UA Secure Conversation Message: PublishResponse"
"364","63.239905","127.0.0.1","127.0.0.1","TCP","44","53271  >  53530 [ACK] Seq=10085 Ack=19017 Win=252 Len=0"
"365","63.253811","127.0.0.1","127.0.0.1","OpcUa","150","UA Secure Conversation Message: PublishRequest"
"366","63.253891","127.0.0.1","127.0.0.1","TCP","44","53530  >  53271 [ACK] Seq=19017 Ack=10191 Win=175 Len=0"
"367","63.704486","127.0.0.1","127.0.0.1","OpcUa","164","UA Secure Conversation Message: WriteRequest"
"368","63.704542","127.0.0.1","127.0.0.1","TCP","44","53530  >  53271 [ACK] Seq=19017 Ack=10311 Win=175 Len=0"
"369","63.706142","127.0.0.1","127.0.0.1","OpcUa","108","UA Secure Conversation Message: WriteResponse"
"370","63.706181","127.0.0.1","127.0.0.1","TCP","44","53271  >  53530 [ACK] Seq=10311 Ack=19081 Win=252 Len=0"
"371","63.742301","127.0.0.1","127.0.0.1","OpcUa","184","UA Secure Conversation Message: PublishResponse"
"372","63.742369","127.0.0.1","127.0.0.1","TCP","44","53271  >  53530 [ACK] Seq=10311 Ack=19221 Win=251 Len=0"
"373","63.756054","127.0.0.1","127.0.0.1","OpcUa","150","UA Secure Conversation Message: PublishRequest"
"374","63.756126","127.0.0.1","127.0.0.1","TCP","44","53530  >  53271 [ACK] Seq=19221 Ack=10417 Win=175 Len=0"
"375","64.241720","127.0.0.1","127.0.0.1","OpcUa","240","UA Secure Conversation Message: PublishResponse"
"376","64.241761","127.0.0.1","127.0.0.1","TCP","44","53271  >  53530 [ACK] Seq=10417 Ack=19417 Win=250 Len=0"
"377","64.255799","127.0.0.1","127.0.0.1","OpcUa","150","UA Secure Conversation Message: PublishRequest"
"378","64.255857","127.0.0.1","127.0.0.1","TCP","44","53530  >  53271 [ACK] Seq=19417 Ack=10523 Win=174 Len=0"
"379","64.581286","127.0.0.1","127.0.0.1","OpcUa","164","UA Secure Conversation Message: WriteRequest"
"380","64.581342","127.0.0.1","127.0.0.1","TCP","44","53530  >  53271 [ACK] Seq=19417 Ack=10643 Win=174 Len=0"
"381","64.582690","127.0.0.1","127.0.0.1","OpcUa","108","UA Secure Conversation Message: WriteResponse"
"382","64.582745","127.0.0.1","127.0.0.1","TCP","44","53271  >  53530 [ACK] Seq=10643 Ack=19481 Win=250 Len=0"
"383","64.740181","127.0.0.1","127.0.0.1","OpcUa","184","UA Secure Conversation Message: PublishResponse"
"384","64.740240","127.0.0.1","127.0.0.1","TCP","44","53271  >  53530 [ACK] Seq=10643 Ack=19621 Win=250 Len=0"
"385","64.754543","127.0.0.1","127.0.0.1","OpcUa","150","UA Secure Conversation Message: PublishRequest"
"386","64.754606","127.0.0.1","127.0.0.1","TCP","44","53530  >  53271 [ACK] Seq=19621 Ack=10749 Win=173 Len=0"
"387","65.006269","127.0.0.1","127.0.0.1","OpcUa","133","UA Secure Conversation Message: PublishResponse"
"388","65.006306","127.0.0.1","127.0.0.1","TCP","44","53271  >  53530 [ACK] Seq=10749 Ack=19710 Win=249 Len=0"
"389","65.020715","127.0.0.1","127.0.0.1","OpcUa","142","UA Secure Conversation Message: PublishRequest"
"390","65.020771","127.0.0.1","127.0.0.1","TCP","44","53530  >  53271 [ACK] Seq=19710 Ack=10847 Win=173 Len=0"
"391","65.242300","127.0.0.1","127.0.0.1","OpcUa","330","UA Secure Conversation Message: PublishResponse"
"392","65.242352","127.0.0.1","127.0.0.1","TCP","44","53271  >  53530 [ACK] Seq=10847 Ack=19996 Win=248 Len=0"
"393","65.257153","127.0.0.1","127.0.0.1","OpcUa","150","UA Secure Conversation Message: PublishRequest"
"394","65.257238","127.0.0.1","127.0.0.1","TCP","44","53530  >  53271 [ACK] Seq=19996 Ack=10953 Win=172 Len=0"
"395","65.507875","127.0.0.1","127.0.0.1","OpcUa","208","UA Secure Conversation Message: ReadRequest"
"396","65.507925","127.0.0.1","127.0.0.1","TCP","44","53530  >  53271 [ACK] Seq=19996 Ack=11117 Win=172 Len=0"
"397","65.509703","127.0.0.1","127.0.0.1","OpcUa","143","UA Secure Conversation Message: ReadResponse"
"398","65.509749","127.0.0.1","127.0.0.1","TCP","44","53271  >  53530 [ACK] Seq=11117 Ack=20095 Win=248 Len=0"
"399","65.584125","127.0.0.1","127.0.0.1","OpcUa","164","UA Secure Conversation Message: WriteRequest"
"400","65.584182","127.0.0.1","127.0.0.1","TCP","44","53530  >  53271 [ACK] Seq=20095 Ack=11237 Win=171 Len=0"
"401","65.585501","127.0.0.1","127.0.0.1","OpcUa","108","UA Secure Conversation Message: WriteResponse"
"402","65.585556","127.0.0.1","127.0.0.1","TCP","44","53271  >  53530 [ACK] Seq=11237 Ack=20159 Win=248 Len=0"
"403","66.247535","127.0.0.1","127.0.0.1","OpcUa","300","UA Secure Conversation Message: PublishResponse"
"404","66.247600","127.0.0.1","127.0.0.1","TCP","44","53271  >  53530 [ACK] Seq=11237 Ack=20415 Win=247 Len=0"
"405","66.262293","127.0.0.1","127.0.0.1","OpcUa","150","UA Secure Conversation Message: PublishRequest"
"406","66.262361","127.0.0.1","127.0.0.1","TCP","44","53530  >  53271 [ACK] Seq=20415 Ack=11343 Win=171 Len=0"
"407","66.373559","127.0.0.1","127.0.0.1","OpcUa","164","UA Secure Conversation Message: WriteRequest"
"408","66.373612","127.0.0.1","127.0.0.1","TCP","44","53530  >  53271 [ACK] Seq=20415 Ack=11463 Win=171 Len=0"
"409","66.375230","127.0.0.1","127.0.0.1","OpcUa","108","UA Secure Conversation Message: WriteResponse"
"410","66.375268","127.0.0.1","127.0.0.1","TCP","44","53271  >  53530 [ACK] Seq=11463 Ack=20479 Win=246 Len=0"
"411","66.746376","127.0.0.1","127.0.0.1","OpcUa","180","UA Secure Conversation Message: PublishResponse"
"412","66.746430","127.0.0.1","127.0.0.1","TCP","44","53271  >  53530 [ACK] Seq=11463 Ack=20615 Win=246 Len=0"
"413","66.761221","127.0.0.1","127.0.0.1","OpcUa","150","UA Secure Conversation Message: PublishRequest"
"414","66.761315","127.0.0.1","127.0.0.1","TCP","44","53530  >  53271 [ACK] Seq=20615 Ack=11569 Win=170 Len=0"
"415","67.058637","127.0.0.1","127.0.0.1","OpcUa","164","UA Secure Conversation Message: WriteRequest"
"416","67.058675","127.0.0.1","127.0.0.1","TCP","44","53530  >  53271 [ACK] Seq=20615 Ack=11689 Win=170 Len=0"
"417","67.060072","127.0.0.1","127.0.0.1","OpcUa","108","UA Secure Conversation Message: WriteResponse"
"418","67.060112","127.0.0.1","127.0.0.1","TCP","44","53271  >  53530 [ACK] Seq=11689 Ack=20679 Win=246 Len=0"
"419","67.235443","127.0.0.1","127.0.0.1","OpcUa","330","UA Secure Conversation Message: PublishResponse"
"420","67.235484","127.0.0.1","127.0.0.1","TCP","44","53271  >  53530 [ACK] Seq=11689 Ack=20965 Win=244 Len=0"
"421","67.249619","127.0.0.1","127.0.0.1","OpcUa","150","UA Secure Conversation Message: PublishRequest"
"422","67.249685","127.0.0.1","127.0.0.1","TCP","44","53530  >  53271 [ACK] Seq=20965 Ack=11795 Win=169 Len=0"
"423","67.709152","127.0.0.1","127.0.0.1","OpcUa","164","UA Secure Conversation Message: WriteRequest"
"424","67.709188","127.0.0.1","127.0.0.1","TCP","44","53530  >  53271 [ACK] Seq=20965 Ack=11915 Win=169 Len=0"
"425","67.710229","127.0.0.1","127.0.0.1","OpcUa","108","UA Secure Conversation Message: WriteResponse"
"426","67.710271","127.0.0.1","127.0.0.1","TCP","44","53271  >  53530 [ACK] Seq=11915 Ack=21029 Win=244 Len=0"
"427","67.737263","127.0.0.1","127.0.0.1","OpcUa","184","UA Secure Conversation Message: PublishResponse"
"428","67.737321","127.0.0.1","127.0.0.1","TCP","44","53271  >  53530 [ACK] Seq=11915 Ack=21169 Win=244 Len=0"
"429","67.751868","127.0.0.1","127.0.0.1","OpcUa","150","UA Secure Conversation Message: PublishRequest"
"430","67.751949","127.0.0.1","127.0.0.1","TCP","44","53530  >  53271 [ACK] Seq=21169 Ack=12021 Win=168 Len=0"
"431","68.237591","127.0.0.1","127.0.0.1","OpcUa","330","UA Secure Conversation Message: PublishResponse"
"432","68.237638","127.0.0.1","127.0.0.1","TCP","44","53271  >  53530 [ACK] Seq=12021 Ack=21455 Win=242 Len=0"
"433","68.252809","127.0.0.1","127.0.0.1","OpcUa","150","UA Secure Conversation Message: PublishRequest"
"434","68.252883","127.0.0.1","127.0.0.1","TCP","44","53530  >  53271 [ACK] Seq=21455 Ack=12127 Win=168 Len=0"
"435","68.304515","127.0.0.1","127.0.0.1","OpcUa","164","UA Secure Conversation Message: WriteRequest"
"436","68.304573","127.0.0.1","127.0.0.1","TCP","44","53530  >  53271 [ACK] Seq=21455 Ack=12247 Win=167 Len=0"
"437","68.306238","127.0.0.1","127.0.0.1","OpcUa","108","UA Secure Conversation Message: WriteResponse"
"438","68.306272","127.0.0.1","127.0.0.1","TCP","44","53271  >  53530 [ACK] Seq=12247 Ack=21519 Win=242 Len=0"
"439","68.740026","127.0.0.1","127.0.0.1","OpcUa","184","UA Secure Conversation Message: PublishResponse"
"440","68.740082","127.0.0.1","127.0.0.1","TCP","44","53271  >  53530 [ACK] Seq=12247 Ack=21659 Win=242 Len=0"
"441","68.754047","127.0.0.1","127.0.0.1","OpcUa","150","UA Secure Conversation Message: PublishRequest"
"442","68.754103","127.0.0.1","127.0.0.1","TCP","44","53530  >  53271 [ACK] Seq=21659 Ack=12353 Win=167 Len=0"
"443","68.854167","127.0.0.1","127.0.0.1","OpcUa","164","UA Secure Conversation Message: WriteRequest"
"444","68.854207","127.0.0.1","127.0.0.1","TCP","44","53530  >  53271 [ACK] Seq=21659 Ack=12473 Win=167 Len=0"
"445","68.855560","127.0.0.1","127.0.0.1","OpcUa","108","UA Secure Conversation Message: WriteResponse"
"446","68.855605","127.0.0.1","127.0.0.1","TCP","44","53271  >  53530 [ACK] Seq=12473 Ack=21723 Win=241 Len=0"
"447","69.244847","127.0.0.1","127.0.0.1","OpcUa","330","UA Secure Conversation Message: PublishResponse"
"448","69.244900","127.0.0.1","127.0.0.1","TCP","44","53271  >  53530 [ACK] Seq=12473 Ack=22009 Win=240 Len=0"
"449","69.258998","127.0.0.1","127.0.0.1","OpcUa","150","UA Secure Conversation Message: PublishRequest"
"450","69.259067","127.0.0.1","127.0.0.1","TCP","44","53530  >  53271 [ACK] Seq=22009 Ack=12579 Win=166 Len=0"
"451","69.362947","127.0.0.1","127.0.0.1","OpcUa","164","UA Secure Conversation Message: WriteRequest"
"452","69.362983","127.0.0.1","127.0.0.1","TCP","44","53530  >  53271 [ACK] Seq=22009 Ack=12699 Win=166 Len=0"
"453","69.364443","127.0.0.1","127.0.0.1","OpcUa","108","UA Secure Conversation Message: WriteResponse"
"454","69.364482","127.0.0.1","127.0.0.1","TCP","44","53271  >  53530 [ACK] Seq=12699 Ack=22073 Win=240 Len=0"
"455","69.742876","127.0.0.1","127.0.0.1","OpcUa","184","UA Secure Conversation Message: PublishResponse"
"456","69.742936","127.0.0.1","127.0.0.1","TCP","44","53271  >  53530 [ACK] Seq=12699 Ack=22213 Win=240 Len=0"
"457","69.756963","127.0.0.1","127.0.0.1","OpcUa","150","UA Secure Conversation Message: PublishRequest"
"458","69.757027","127.0.0.1","127.0.0.1","TCP","44","53530  >  53271 [ACK] Seq=22213 Ack=12805 Win=165 Len=0"
"459","69.995111","127.0.0.1","127.0.0.1","OpcUa","133","UA Secure Conversation Message: PublishResponse"
"460","69.995168","127.0.0.1","127.0.0.1","TCP","44","53271  >  53530 [ACK] Seq=12805 Ack=22302 Win=239 Len=0"
"461","70.010310","127.0.0.1","127.0.0.1","OpcUa","142","UA Secure Conversation Message: PublishRequest"
"462","70.010376","127.0.0.1","127.0.0.1","TCP","44","53530  >  53271 [ACK] Seq=22302 Ack=12903 Win=165 Len=0"
"463","70.230322","127.0.0.1","127.0.0.1","OpcUa","164","UA Secure Conversation Message: WriteRequest"
"464","70.230359","127.0.0.1","127.0.0.1","TCP","44","53530  >  53271 [ACK] Seq=22302 Ack=13023 Win=164 Len=0"
"465","70.231626","127.0.0.1","127.0.0.1","OpcUa","108","UA Secure Conversation Message: WriteResponse"
"466","70.231662","127.0.0.1","127.0.0.1","TCP","44","53271  >  53530 [ACK] Seq=13023 Ack=22366 Win=239 Len=0"
"467","70.245204","127.0.0.1","127.0.0.1","OpcUa","330","UA Secure Conversation Message: PublishResponse"
"468","70.245262","127.0.0.1","127.0.0.1","TCP","44","53271  >  53530 [ACK] Seq=13023 Ack=22652 Win=238 Len=0"
"469","70.260322","127.0.0.1","127.0.0.1","OpcUa","150","UA Secure Conversation Message: PublishRequest"
"470","70.260394","127.0.0.1","127.0.0.1","TCP","44","53530  >  53271 [ACK] Seq=22652 Ack=13129 Win=164 Len=0"
"471","70.511485","127.0.0.1","127.0.0.1","OpcUa","208","UA Secure Conversation Message: ReadRequest"
"472","70.511541","127.0.0.1","127.0.0.1","TCP","44","53530  >  53271 [ACK] Seq=22652 Ack=13293 Win=163 Len=0"
"473","70.512548","127.0.0.1","127.0.0.1","OpcUa","143","UA Secure Conversation Message: ReadResponse"
"474","70.512583","127.0.0.1","127.0.0.1","TCP","44","53271  >  53530 [ACK] Seq=13293 Ack=22751 Win=237 Len=0"
"475","71.136490","127.0.0.1","127.0.0.1","OpcUa","164","UA Secure Conversation Message: WriteRequest"
"476","71.136528","127.0.0.1","127.0.0.1","TCP","44","53530  >  53271 [ACK] Seq=22751 Ack=13413 Win=163 Len=0"
"477","71.137712","127.0.0.1","127.0.0.1","OpcUa","108","UA Secure Conversation Message: WriteResponse"
"478","71.137752","127.0.0.1","127.0.0.1","TCP","44","53271  >  53530 [ACK] Seq=13413 Ack=22815 Win=237 Len=0"
"479","71.246574","127.0.0.1","127.0.0.1","OpcUa","330","UA Secure Conversation Message: PublishResponse"
"480","71.246619","127.0.0.1","127.0.0.1","TCP","44","53271  >  53530 [ACK] Seq=13413 Ack=23101 Win=236 Len=0"
"481","71.261948","127.0.0.1","127.0.0.1","OpcUa","150","UA Secure Conversation Message: PublishRequest"
"482","71.262024","127.0.0.1","127.0.0.1","TCP","44","53530  >  53271 [ACK] Seq=23101 Ack=13519 Win=162 Len=0"
"483","72.096419","127.0.0.1","127.0.0.1","OpcUa","164","UA Secure Conversation Message: WriteRequest"
"484","72.096456","127.0.0.1","127.0.0.1","TCP","44","53530  >  53271 [ACK] Seq=23101 Ack=13639 Win=162 Len=0"
"485","72.098093","127.0.0.1","127.0.0.1","OpcUa","108","UA Secure Conversation Message: WriteResponse"
"486","72.098129","127.0.0.1","127.0.0.1","TCP","44","53271  >  53530 [ACK] Seq=13639 Ack=23165 Win=236 Len=0"
"487","72.240508","127.0.0.1","127.0.0.1","OpcUa","326","UA Secure Conversation Message: PublishResponse"
"488","72.240562","127.0.0.1","127.0.0.1","TCP","44","53271  >  53530 [ACK] Seq=13639 Ack=23447 Win=235 Len=0"
"489","72.254613","127.0.0.1","127.0.0.1","OpcUa","150","UA Secure Conversation Message: PublishRequest"
"490","72.254664","127.0.0.1","127.0.0.1","TCP","44","53530  >  53271 [ACK] Seq=23447 Ack=13745 Win=162 Len=0"
"491","73.246853","127.0.0.1","127.0.0.1","OpcUa","330","UA Secure Conversation Message: PublishResponse"
"492","73.246897","127.0.0.1","127.0.0.1","TCP","44","53271  >  53530 [ACK] Seq=13745 Ack=23733 Win=234 Len=0"
"493","73.261260","127.0.0.1","127.0.0.1","OpcUa","150","UA Secure Conversation Message: PublishRequest"
"494","73.261315","127.0.0.1","127.0.0.1","TCP","44","53530  >  53271 [ACK] Seq=23733 Ack=13851 Win=161 Len=0"
"495","74.234025","127.0.0.1","127.0.0.1","OpcUa","300","UA Secure Conversation Message: PublishResponse"
"496","74.234103","127.0.0.1","127.0.0.1","TCP","44","53271  >  53530 [ACK] Seq=13851 Ack=23989 Win=233 Len=0"
"497","74.248772","127.0.0.1","127.0.0.1","OpcUa","150","UA Secure Conversation Message: PublishRequest"
"498","74.248840","127.0.0.1","127.0.0.1","TCP","44","53530  >  53271 [ACK] Seq=23989 Ack=13957 Win=161 Len=0"
"499","75.000749","127.0.0.1","127.0.0.1","OpcUa","133","UA Secure Conversation Message: PublishResponse"
"500","75.000798","127.0.0.1","127.0.0.1","TCP","44","53271  >  53530 [ACK] Seq=13957 Ack=24078 Win=232 Len=0"
"501","75.015541","127.0.0.1","127.0.0.1","OpcUa","142","UA Secure Conversation Message: PublishRequest"
"502","75.015607","127.0.0.1","127.0.0.1","TCP","44","53530  >  53271 [ACK] Seq=24078 Ack=14055 Win=160 Len=0"
"503","75.234874","127.0.0.1","127.0.0.1","OpcUa","300","UA Secure Conversation Message: PublishResponse"
"504","75.234968","127.0.0.1","127.0.0.1","TCP","44","53271  >  53530 [ACK] Seq=14055 Ack=24334 Win=231 Len=0"
"505","75.248760","127.0.0.1","127.0.0.1","OpcUa","150","UA Secure Conversation Message: PublishRequest"
"506","75.248821","127.0.0.1","127.0.0.1","TCP","44","53530  >  53271 [ACK] Seq=24334 Ack=14161 Win=160 Len=0"
"507","75.528368","127.0.0.1","127.0.0.1","OpcUa","208","UA Secure Conversation Message: ReadRequest"
"508","75.528431","127.0.0.1","127.0.0.1","TCP","44","53530  >  53271 [ACK] Seq=24334 Ack=14325 Win=159 Len=0"
"509","75.529744","127.0.0.1","127.0.0.1","OpcUa","143","UA Secure Conversation Message: ReadResponse"
"510","75.529812","127.0.0.1","127.0.0.1","TCP","44","53271  >  53530 [ACK] Seq=14325 Ack=24433 Win=231 Len=0"
"511","76.232965","127.0.0.1","127.0.0.1","OpcUa","300","UA Secure Conversation Message: PublishResponse"
"512","76.233025","127.0.0.1","127.0.0.1","TCP","44","53271  >  53530 [ACK] Seq=14325 Ack=24689 Win=230 Len=0"
"513","76.247009","127.0.0.1","127.0.0.1","OpcUa","150","UA Secure Conversation Message: PublishRequest"
"514","76.247079","127.0.0.1","127.0.0.1","TCP","44","53530  >  53271 [ACK] Seq=24689 Ack=14431 Win=159 Len=0"
"515","77.245429","127.0.0.1","127.0.0.1","OpcUa","326","UA Secure Conversation Message: PublishResponse"
"516","77.245497","127.0.0.1","127.0.0.1","TCP","44","53271  >  53530 [ACK] Seq=14431 Ack=24971 Win=229 Len=0"
"517","77.259285","127.0.0.1","127.0.0.1","OpcUa","150","UA Secure Conversation Message: PublishRequest"
"518","77.259345","127.0.0.1","127.0.0.1","TCP","44","53530  >  53271 [ACK] Seq=24971 Ack=14537 Win=158 Len=0"
"519","77.627441","127.0.0.1","127.0.0.1","OpcUa","164","UA Secure Conversation Message: WriteRequest"
"520","77.627480","127.0.0.1","127.0.0.1","TCP","44","53530  >  53271 [ACK] Seq=24971 Ack=14657 Win=158 Len=0"
"521","77.629218","127.0.0.1","127.0.0.1","OpcUa","108","UA Secure Conversation Message: WriteResponse"
"522","77.629259","127.0.0.1","127.0.0.1","TCP","44","53271  >  53530 [ACK] Seq=14657 Ack=25035 Win=229 Len=0"
"523","78.233876","127.0.0.1","127.0.0.1","OpcUa","300","UA Secure Conversation Message: PublishResponse"
"524","78.233922","127.0.0.1","127.0.0.1","TCP","44","53271  >  53530 [ACK] Seq=14657 Ack=25291 Win=228 Len=0"
"525","78.247229","127.0.0.1","127.0.0.1","OpcUa","150","UA Secure Conversation Message: PublishRequest"
"526","78.247311","127.0.0.1","127.0.0.1","TCP","44","53530  >  53271 [ACK] Seq=25291 Ack=14763 Win=158 Len=0"
"527","79.200058","127.0.0.1","127.0.0.1","OpcUa","164","UA Secure Conversation Message: WriteRequest"
"528","79.200093","127.0.0.1","127.0.0.1","TCP","44","53530  >  53271 [ACK] Seq=25291 Ack=14883 Win=157 Len=0"
"529","79.201309","127.0.0.1","127.0.0.1","OpcUa","108","UA Secure Conversation Message: WriteResponse"
"530","79.201354","127.0.0.1","127.0.0.1","TCP","44","53271  >  53530 [ACK] Seq=14883 Ack=25355 Win=227 Len=0"
"531","79.238956","127.0.0.1","127.0.0.1","OpcUa","240","UA Secure Conversation Message: PublishResponse"
"532","79.239007","127.0.0.1","127.0.0.1","TCP","44","53271  >  53530 [ACK] Seq=14883 Ack=25551 Win=226 Len=0"
"533","79.253529","127.0.0.1","127.0.0.1","OpcUa","150","UA Secure Conversation Message: PublishRequest"
"534","79.253631","127.0.0.1","127.0.0.1","TCP","44","53530  >  53271 [ACK] Seq=25551 Ack=14989 Win=157 Len=0"
"535","80.006530","127.0.0.1","127.0.0.1","OpcUa","133","UA Secure Conversation Message: PublishResponse"
"536","80.006577","127.0.0.1","127.0.0.1","TCP","44","53271  >  53530 [ACK] Seq=14989 Ack=25640 Win=226 Len=0"
"537","80.021215","127.0.0.1","127.0.0.1","OpcUa","142","UA Secure Conversation Message: PublishRequest"
"538","80.021287","127.0.0.1","127.0.0.1","TCP","44","53530  >  53271 [ACK] Seq=25640 Ack=15087 Win=156 Len=0"
"539","80.243417","127.0.0.1","127.0.0.1","OpcUa","300","UA Secure Conversation Message: PublishResponse"
"540","80.243464","127.0.0.1","127.0.0.1","TCP","44","53271  >  53530 [ACK] Seq=15087 Ack=25896 Win=225 Len=0"
"541","80.258720","127.0.0.1","127.0.0.1","OpcUa","150","UA Secure Conversation Message: PublishRequest"
"542","80.258790","127.0.0.1","127.0.0.1","TCP","44","53530  >  53271 [ACK] Seq=25896 Ack=15193 Win=156 Len=0"
"543","80.315195","127.0.0.1","127.0.0.1","OpcUa","164","UA Secure Conversation Message: WriteRequest"
"544","80.315232","127.0.0.1","127.0.0.1","TCP","44","53530  >  53271 [ACK] Seq=25896 Ack=15313 Win=155 Len=0"
"545","80.316624","127.0.0.1","127.0.0.1","OpcUa","108","UA Secure Conversation Message: WriteResponse"
"546","80.316660","127.0.0.1","127.0.0.1","TCP","44","53271  >  53530 [ACK] Seq=15313 Ack=25960 Win=225 Len=0"
"547","80.539137","127.0.0.1","127.0.0.1","OpcUa","208","UA Secure Conversation Message: ReadRequest"
"548","80.539206","127.0.0.1","127.0.0.1","TCP","44","53530  >  53271 [ACK] Seq=25960 Ack=15477 Win=155 Len=0"
"549","80.540479","127.0.0.1","127.0.0.1","OpcUa","143","UA Secure Conversation Message: ReadResponse"
"550","80.540527","127.0.0.1","127.0.0.1","TCP","44","53271  >  53530 [ACK] Seq=15477 Ack=26059 Win=225 Len=0"
"551","81.242564","127.0.0.1","127.0.0.1","OpcUa","330","UA Secure Conversation Message: PublishResponse"
"552","81.242611","127.0.0.1","127.0.0.1","TCP","44","53271  >  53530 [ACK] Seq=15477 Ack=26345 Win=223 Len=0"
"553","81.257275","127.0.0.1","127.0.0.1","OpcUa","150","UA Secure Conversation Message: PublishRequest"
"554","81.257349","127.0.0.1","127.0.0.1","TCP","44","53530  >  53271 [ACK] Seq=26345 Ack=15583 Win=154 Len=0"
"555","81.531648","127.0.0.1","127.0.0.1","OpcUa","164","UA Secure Conversation Message: WriteRequest"
"556","81.531699","127.0.0.1","127.0.0.1","TCP","44","53530  >  53271 [ACK] Seq=26345 Ack=15703 Win=154 Len=0"
"557","81.533298","127.0.0.1","127.0.0.1","OpcUa","108","UA Secure Conversation Message: WriteResponse"
"558","81.533344","127.0.0.1","127.0.0.1","TCP","44","53271  >  53530 [ACK] Seq=15703 Ack=26409 Win=223 Len=0"
"559","82.244372","127.0.0.1","127.0.0.1","OpcUa","296","UA Secure Conversation Message: PublishResponse"
"560","82.244427","127.0.0.1","127.0.0.1","TCP","44","53271  >  53530 [ACK] Seq=15703 Ack=26661 Win=222 Len=0"
"561","82.258538","127.0.0.1","127.0.0.1","OpcUa","150","UA Secure Conversation Message: PublishRequest"
"562","82.258614","127.0.0.1","127.0.0.1","TCP","44","53530  >  53271 [ACK] Seq=26661 Ack=15809 Win=154 Len=0"
"563","83.232170","127.0.0.1","127.0.0.1","OpcUa","300","UA Secure Conversation Message: PublishResponse"
"564","83.232229","127.0.0.1","127.0.0.1","TCP","44","53271  >  53530 [ACK] Seq=15809 Ack=26917 Win=221 Len=0"
"565","83.247527","127.0.0.1","127.0.0.1","OpcUa","150","UA Secure Conversation Message: PublishRequest"
"566","83.247618","127.0.0.1","127.0.0.1","TCP","44","53530  >  53271 [ACK] Seq=26917 Ack=15915 Win=153 Len=0"
"567","83.919947","127.0.0.1","127.0.0.1","OpcUa","164","UA Secure Conversation Message: WriteRequest"
"568","83.919983","127.0.0.1","127.0.0.1","TCP","44","53530  >  53271 [ACK] Seq=26917 Ack=16035 Win=153 Len=0"
"569","83.921164","127.0.0.1","127.0.0.1","OpcUa","108","UA Secure Conversation Message: WriteResponse"
"570","83.921197","127.0.0.1","127.0.0.1","TCP","44","53271  >  53530 [ACK] Seq=16035 Ack=26981 Win=221 Len=0"
"571","84.235776","127.0.0.1","127.0.0.1","OpcUa","300","UA Secure Conversation Message: PublishResponse"
"572","84.235814","127.0.0.1","127.0.0.1","TCP","44","53271  >  53530 [ACK] Seq=16035 Ack=27237 Win=220 Len=0"
"573","84.249170","127.0.0.1","127.0.0.1","OpcUa","150","UA Secure Conversation Message: PublishRequest"
"574","84.249216","127.0.0.1","127.0.0.1","TCP","44","53530  >  53271 [ACK] Seq=27237 Ack=16141 Win=152 Len=0"
"575","85.004195","127.0.0.1","127.0.0.1","OpcUa","133","UA Secure Conversation Message: PublishResponse"
"576","85.004248","127.0.0.1","127.0.0.1","TCP","44","53271  >  53530 [ACK] Seq=16141 Ack=27326 Win=220 Len=0"
"577","85.018677","127.0.0.1","127.0.0.1","OpcUa","142","UA Secure Conversation Message: PublishRequest"
"578","85.018717","127.0.0.1","127.0.0.1","TCP","44","53530  >  53271 [ACK] Seq=27326 Ack=16239 Win=152 Len=0"
"579","85.239929","127.0.0.1","127.0.0.1","OpcUa","330","UA Secure Conversation Message: PublishResponse"
"580","85.239998","127.0.0.1","127.0.0.1","TCP","44","53271  >  53530 [ACK] Seq=16239 Ack=27612 Win=218 Len=0"
"581","85.254980","127.0.0.1","127.0.0.1","OpcUa","150","UA Secure Conversation Message: PublishRequest"
"582","85.255047","127.0.0.1","127.0.0.1","TCP","44","53530  >  53271 [ACK] Seq=27612 Ack=16345 Win=151 Len=0"
"583","85.553792","127.0.0.1","127.0.0.1","OpcUa","208","UA Secure Conversation Message: ReadRequest"
"584","85.553854","127.0.0.1","127.0.0.1","TCP","44","53530  >  53271 [ACK] Seq=27612 Ack=16509 Win=151 Len=0"
"585","85.555104","127.0.0.1","127.0.0.1","OpcUa","143","UA Secure Conversation Message: ReadResponse"
"586","85.555144","127.0.0.1","127.0.0.1","TCP","44","53271  >  53530 [ACK] Seq=16509 Ack=27711 Win=218 Len=0"
"587","86.244404","127.0.0.1","127.0.0.1","OpcUa","300","UA Secure Conversation Message: PublishResponse"
"588","86.244451","127.0.0.1","127.0.0.1","TCP","44","53271  >  53530 [ACK] Seq=16509 Ack=27967 Win=217 Len=0"
"589","86.258537","127.0.0.1","127.0.0.1","OpcUa","150","UA Secure Conversation Message: PublishRequest"
"590","86.258608","127.0.0.1","127.0.0.1","TCP","44","53530  >  53271 [ACK] Seq=27967 Ack=16615 Win=150 Len=0"
"591","87.239910","127.0.0.1","127.0.0.1","OpcUa","296","UA Secure Conversation Message: PublishResponse"
"592","87.239986","127.0.0.1","127.0.0.1","TCP","44","53271  >  53530 [ACK] Seq=16615 Ack=28219 Win=216 Len=0"
"593","87.255133","127.0.0.1","127.0.0.1","OpcUa","150","UA Secure Conversation Message: PublishRequest"
"594","87.255201","127.0.0.1","127.0.0.1","TCP","44","53530  >  53271 [ACK] Seq=28219 Ack=16721 Win=150 Len=0"
"595","88.235374","127.0.0.1","127.0.0.1","OpcUa","330","UA Secure Conversation Message: PublishResponse"
"596","88.235476","127.0.0.1","127.0.0.1","TCP","44","53271  >  53530 [ACK] Seq=16721 Ack=28505 Win=215 Len=0"
"597","88.250193","127.0.0.1","127.0.0.1","OpcUa","150","UA Secure Conversation Message: PublishRequest"
"598","88.250249","127.0.0.1","127.0.0.1","TCP","44","53530  >  53271 [ACK] Seq=28505 Ack=16827 Win=150 Len=0"
"599","88.613492","127.0.0.1","127.0.0.1","OpcUa","164","UA Secure Conversation Message: WriteRequest"
"600","88.613541","127.0.0.1","127.0.0.1","TCP","44","53530  >  53271 [ACK] Seq=28505 Ack=16947 Win=149 Len=0"
"601","88.615067","127.0.0.1","127.0.0.1","OpcUa","108","UA Secure Conversation Message: WriteResponse"
"602","88.615119","127.0.0.1","127.0.0.1","TCP","44","53271  >  53530 [ACK] Seq=16947 Ack=28569 Win=215 Len=0"
"603","89.241538","127.0.0.1","127.0.0.1","OpcUa","300","UA Secure Conversation Message: PublishResponse"
"604","89.241594","127.0.0.1","127.0.0.1","TCP","44","53271  >  53530 [ACK] Seq=16947 Ack=28825 Win=214 Len=0"
"605","89.255067","127.0.0.1","127.0.0.1","OpcUa","150","UA Secure Conversation Message: PublishRequest"
"606","89.255136","127.0.0.1","127.0.0.1","TCP","44","53530  >  53271 [ACK] Seq=28825 Ack=17053 Win=149 Len=0"
"607","89.995761","127.0.0.1","127.0.0.1","OpcUa","133","UA Secure Conversation Message: PublishResponse"
"608","89.995814","127.0.0.1","127.0.0.1","TCP","44","53271  >  53530 [ACK] Seq=17053 Ack=28914 Win=213 Len=0"
"609","90.011185","127.0.0.1","127.0.0.1","OpcUa","142","UA Secure Conversation Message: PublishRequest"
"610","90.011241","127.0.0.1","127.0.0.1","TCP","44","53530  >  53271 [ACK] Seq=28914 Ack=17151 Win=148 Len=0"
"611","90.246705","127.0.0.1","127.0.0.1","OpcUa","300","UA Secure Conversation Message: PublishResponse"
"612","90.246765","127.0.0.1","127.0.0.1","TCP","44","53271  >  53530 [ACK] Seq=17151 Ack=29170 Win=212 Len=0"
"613","90.261134","127.0.0.1","127.0.0.1","OpcUa","150","UA Secure Conversation Message: PublishRequest"
"614","90.261203","127.0.0.1","127.0.0.1","TCP","44","53530  >  53271 [ACK] Seq=29170 Ack=17257 Win=148 Len=0"
"615","90.558933","127.0.0.1","127.0.0.1","OpcUa","208","UA Secure Conversation Message: ReadRequest"
"616","90.558988","127.0.0.1","127.0.0.1","TCP","44","53530  >  53271 [ACK] Seq=29170 Ack=17421 Win=147 Len=0"
"617","90.560551","127.0.0.1","127.0.0.1","OpcUa","143","UA Secure Conversation Message: ReadResponse"
"618","90.560597","127.0.0.1","127.0.0.1","TCP","44","53271  >  53530 [ACK] Seq=17421 Ack=29269 Win=212 Len=0"
"619","91.233606","127.0.0.1","127.0.0.1","OpcUa","300","UA Secure Conversation Message: PublishResponse"
"620","91.233671","127.0.0.1","127.0.0.1","TCP","44","53271  >  53530 [ACK] Seq=17421 Ack=29525 Win=211 Len=0"
"621","91.247735","127.0.0.1","127.0.0.1","OpcUa","150","UA Secure Conversation Message: PublishRequest"
"622","91.247811","127.0.0.1","127.0.0.1","TCP","44","53530  >  53271 [ACK] Seq=29525 Ack=17527 Win=147 Len=0"
"623","91.538726","127.0.0.1","127.0.0.1","OpcUa","164","UA Secure Conversation Message: WriteRequest"
"624","91.538766","127.0.0.1","127.0.0.1","TCP","44","53530  >  53271 [ACK] Seq=29525 Ack=17647 Win=146 Len=0"
"625","91.539727","127.0.0.1","127.0.0.1","OpcUa","108","UA Secure Conversation Message: WriteResponse"
"626","91.539763","127.0.0.1","127.0.0.1","TCP","44","53271  >  53530 [ACK] Seq=17647 Ack=29589 Win=211 Len=0"
"627","92.233834","127.0.0.1","127.0.0.1","OpcUa","296","UA Secure Conversation Message: PublishResponse"
"628","92.233901","127.0.0.1","127.0.0.1","TCP","44","53271  >  53530 [ACK] Seq=17647 Ack=29841 Win=210 Len=0"
"629","92.248251","127.0.0.1","127.0.0.1","OpcUa","150","UA Secure Conversation Message: PublishRequest"
"630","92.248329","127.0.0.1","127.0.0.1","TCP","44","53530  >  53271 [ACK] Seq=29841 Ack=17753 Win=146 Len=0"
"631","93.247876","127.0.0.1","127.0.0.1","OpcUa","330","UA Secure Conversation Message: PublishResponse"
"632","93.247928","127.0.0.1","127.0.0.1","TCP","44","53271  >  53530 [ACK] Seq=17753 Ack=30127 Win=209 Len=0"
"633","93.263002","127.0.0.1","127.0.0.1","OpcUa","150","UA Secure Conversation Message: PublishRequest"
"634","93.263071","127.0.0.1","127.0.0.1","TCP","44","53530  >  53271 [ACK] Seq=30127 Ack=17859 Win=146 Len=0"
"635","94.246882","127.0.0.1","127.0.0.1","OpcUa","240","UA Secure Conversation Message: PublishResponse"
"636","94.246924","127.0.0.1","127.0.0.1","TCP","44","53271  >  53530 [ACK] Seq=17859 Ack=30323 Win=208 Len=0"
"637","94.261446","127.0.0.1","127.0.0.1","OpcUa","150","UA Secure Conversation Message: PublishRequest"
"638","94.261503","127.0.0.1","127.0.0.1","TCP","44","53530  >  53271 [ACK] Seq=30323 Ack=17965 Win=145 Len=0"
"639","94.314439","127.0.0.1","127.0.0.1","OpcUa","164","UA Secure Conversation Message: WriteRequest"
"640","94.314480","127.0.0.1","127.0.0.1","TCP","44","53530  >  53271 [ACK] Seq=30323 Ack=18085 Win=145 Len=0"
"641","94.315714","127.0.0.1","127.0.0.1","OpcUa","108","UA Secure Conversation Message: WriteResponse"
"642","94.315756","127.0.0.1","127.0.0.1","TCP","44","53271  >  53530 [ACK] Seq=18085 Ack=30387 Win=208 Len=0"
"643","95.001535","127.0.0.1","127.0.0.1","OpcUa","133","UA Secure Conversation Message: PublishResponse"
"644","95.001573","127.0.0.1","127.0.0.1","TCP","44","53271  >  53530 [ACK] Seq=18085 Ack=30476 Win=207 Len=0"
"645","95.016295","127.0.0.1","127.0.0.1","OpcUa","142","UA Secure Conversation Message: PublishRequest"
"646","95.016506","127.0.0.1","127.0.0.1","TCP","44","53530  >  53271 [ACK] Seq=30476 Ack=18183 Win=144 Len=0"
"647","95.234127","127.0.0.1","127.0.0.1","OpcUa","300","UA Secure Conversation Message: PublishResponse"
"648","95.234203","127.0.0.1","127.0.0.1","TCP","44","53271  >  53530 [ACK] Seq=18183 Ack=30732 Win=206 Len=0"
"649","95.247898","127.0.0.1","127.0.0.1","OpcUa","150","UA Secure Conversation Message: PublishRequest"
"650","95.247957","127.0.0.1","127.0.0.1","TCP","44","53530  >  53271 [ACK] Seq=30732 Ack=18289 Win=144 Len=0"
"651","95.577588","127.0.0.1","127.0.0.1","OpcUa","208","UA Secure Conversation Message: ReadRequest"
"652","95.577640","127.0.0.1","127.0.0.1","TCP","44","53530  >  53271 [ACK] Seq=30732 Ack=18453 Win=143 Len=0"
"653","95.579543","127.0.0.1","127.0.0.1","OpcUa","143","UA Secure Conversation Message: ReadResponse"
"654","95.579591","127.0.0.1","127.0.0.1","TCP","44","53271  >  53530 [ACK] Seq=18453 Ack=30831 Win=206 Len=0"
"655","96.232265","127.0.0.1","127.0.0.1","OpcUa","300","UA Secure Conversation Message: PublishResponse"
"656","96.232327","127.0.0.1","127.0.0.1","TCP","44","53271  >  53530 [ACK] Seq=18453 Ack=31087 Win=205 Len=0"
"657","96.247133","127.0.0.1","127.0.0.1","OpcUa","150","UA Secure Conversation Message: PublishRequest"
"658","96.247223","127.0.0.1","127.0.0.1","TCP","44","53530  >  53271 [ACK] Seq=31087 Ack=18559 Win=143 Len=0"
"659","97.231921","127.0.0.1","127.0.0.1","OpcUa","326","UA Secure Conversation Message: PublishResponse"
"660","97.231958","127.0.0.1","127.0.0.1","TCP","44","53271  >  53530 [ACK] Seq=18559 Ack=31369 Win=204 Len=0"
"661","97.246626","127.0.0.1","127.0.0.1","OpcUa","150","UA Secure Conversation Message: PublishRequest"
"662","97.246688","127.0.0.1","127.0.0.1","TCP","44","53530  >  53271 [ACK] Seq=31369 Ack=18665 Win=142 Len=0"
"663","98.236641","127.0.0.1","127.0.0.1","OpcUa","300","UA Secure Conversation Message: PublishResponse"
"664","98.236732","127.0.0.1","127.0.0.1","TCP","44","53271  >  53530 [ACK] Seq=18665 Ack=31625 Win=203 Len=0"
"665","98.250699","127.0.0.1","127.0.0.1","OpcUa","150","UA Secure Conversation Message: PublishRequest"
"666","98.250770","127.0.0.1","127.0.0.1","TCP","44","53530  >  53271 [ACK] Seq=31625 Ack=18771 Win=142 Len=0"
"667","99.238227","127.0.0.1","127.0.0.1","OpcUa","300","UA Secure Conversation Message: PublishResponse"
"668","99.238301","127.0.0.1","127.0.0.1","TCP","44","53271  >  53530 [ACK] Seq=18771 Ack=31881 Win=202 Len=0"
"669","99.252594","127.0.0.1","127.0.0.1","OpcUa","150","UA Secure Conversation Message: PublishRequest"
